<?xml version="1.0" encoding="UTF-8"?>
<addon id="repository.ashcan57"
       name="Ashcan57 Repository"
       version="1.0.0"
       provider-name="ashcan57">

    <extension point="xbmc.addon.repository" name="Ashcan57 Repository">
        <dir>
            <info compressed="false">https://ashcan57.github.io/tv247/addons.xml</info>
            <checksum>https://ashcan57.github.io/tv247/addons.xml.md5</checksum>
            <datadir zip="true">https://ashcan57.github.io/tv247/</datadir>
        </dir>
    </extension>

    <extension point="xbmc.addon.metadata">
        <summary>Ashcan57 Repository</summary>
        <description>Official repository for Ashcan57 Kodi addons.</description>
        <platform>all</platform>
        <thumbnail>icon.png</thumbnail>
        <fanart>fanart.jpg</fanart>
    </extension>

</addon>